Activity Type,Date,Favorite,Title,Distance,Calories,Time,Avg HR,Max HR,Aerobic TE,Avg Run Cadence,Max Run Cadence,Avg Pace,Best Pace,Total Ascent,Total Descent,Avg Stride Length,Avg Vertical Ratio,Avg Vertical Oscillation,Avg Ground Contact Time,Avg GAP,Normalized Power® (NP®),Training Stress Score®,Avg Power,Max Power,Steps,Body Battery Drain,Decompression,Best Lap Time,Number of Laps,Avg Resp,Min Resp,Max Resp,Moving Time,Elapsed Time,Min Elevation,Max Elevation
Running,2026-09-08 20:05:00,false,"Bang Sao Thong - พื้นฐาน","10.01","770","00:59:21","145","166","3.7","170","178","5:56","4:59","14","24","0.99","8.6","8.5","263","5:57","313","0.0","310","411","10,264","'-8","No","00:01:21.3","21","--","--","--","00:59:03","01:00:15","'-28","'-15"
Running,2026-09-08 08:34:52,false,"Bang Rak Running","0.98","81","00:06:24.0","149","172","1.8","138","195","6:32","2:46","27","1","1.01","7.9","7.9","248","6:10","295","0.0","257","637","1,004","'-1","No","00:03:09.2","2","--","--","--","00:05:55","00:06:24.0","'-28","'-0"
Running,2026-09-07 05:54:28,false,"Bang Sao Thong - Threshold","7.64","575","00:42:03","153","167","3.6","163","203","5:30","4:25","13","18","1.11","8.3","9.2","261","5:29","349","0.0","339","518","6,934","'-10","No","00:00:02.7","20","--","--","--","00:41:42","00:45:56","'-12","'-1"
Running,2026-09-05 07:40:47,false,"Lat Krabang Running","20.08","1,565","02:06:00","144","162","4.2","168","178","6:17","4:51","21","22","0.95","9.0","8.5","270","6:16","300","0.0","299","413","21,382","'-26","No","00:00:30.9","41","37","25","50","02:05:34","02:14:52","'-13","'-2"
Running,2026-09-04 06:12:00,false,"Bang Sao Thong Running","5.22","397","00:28:37","150","166","3.4","171","181","5:29","4:31","--","3","1.06","8.2","8.7","255","5:29","343","0.0","338","432","4,960","'-7","No","00:01:12.8","11","--","--","--","00:28:31","00:28:37","'-7","'-3"
Running,2026-09-03 06:18:20,false,"Bang Sao Thong Running","3.01","223","00:16:04","150","160","2.9","175","185","5:20","4:49","1","--","1.07","8.1","8.6","251","5:20","354","0.0","352","419","2,838","'-4","No","00:00:03.0","7","--","--","--","00:16:02","00:16:04","'-5","'-3"
Running,2026-09-02 06:09:54,false,"Bang Sao Thong Running","5.19","396","00:29:50","146","162","3.2","174","184","5:45","4:42","1","1","1.00","8.4","8.4","256","5:47","323","0.0","323","419","5,276","'-7","No","00:01:06.1","11","33","19","38","00:29:33","00:30:47","'-7","'-5"
Running,2026-09-01 20:02:58,false,"Bang Sao Thong Running","6.14","487","00:37:40","146","157","3.2","172","196","6:08","5:37","1","4","0.95","8.8","8.3","264","6:09","302","0.0","300","339","6,558","'-6","No","00:00:59.1","13","37","20","46","00:37:37","00:37:40","'-21","'-16"
Running,2026-08-31 18:03:11,false,"Bang Rak Running_City","7.43","613","01:07:12","129","151","2.7","131","221","9:03","4:23","84","91","0.85","8.9","7.3","273","8:40","239","0.0","196","497","8,420","'-6","No","00:03:16.8","15","--","--","--","01:00:45","01:12:05","'-24","'-0"
Running,2026-08-30 09:56:10,false,"Lat Krabang Running","10.00","817","01:07:38","149","168","3.3","169","177","6:46","5:48","23","18","0.88","9.3","8.2","274","6:45","284","0.0","282","359","11,524","'-17","No","00:00:01.0","21","37","24","47","01:07:31","01:07:38","'-14","'-8"
Running,2026-08-29 09:31:28,false,"Lat Krabang Running","6.40","525","00:42:11","147","177","3.2","171","180","6:35","5:40","11","9","0.89","9.1","8.1","269","6:33","289","0.0","287","357","7,326","'-9","No","00:02:45.2","13","36","29","46","00:41:59","00:42:51","'-8","'-1"
Running,2026-08-28 05:46:34,false,"Bang Sao Thong Running","5.35","386","00:32:55","129","176","2.6","170","178","6:10","5:25","22","9","0.95","8.7","8.3","264","6:08","310","0.0","307","430","5,684","'-10","No","00:02:14.8","11","30","21","41","00:32:45","00:40:29","'-12","0"
Running,2026-08-27 06:13:53,false,"Bang Sao Thong Running","3.01","238","00:18:08","146","159","2.7","173","183","6:02","5:18","--","1","0.96","8.5","8.2","259","6:02","308","0.0","305","386","3,202","'-4","No","00:00:04.1","7","36","22","44","00:18:01","00:18:08","'-10","'-8"
Running,2026-08-25 05:48:01,false,"Bang Sao Thong Running","5.31","397","00:39:31","130","140","2.3","169","181","7:26","6:43","--","3","0.79","9.6","7.6","274","7:26","254","0.0","250","322","6,744","'-7","No","00:02:47.2","11","--","--","--","00:39:27","00:39:31","'-14","'-10"
Running,2026-08-24 05:48:12,false,"Bang Sao Thong - พื้นฐาน","6.29","498","00:36:11","153","178","3.7","175","189","5:45","5:06","1","1","0.99","8.3","8.2","254","5:46","323","0.0","321","378","6,456","'-11","No","00:00:10.7","14","38","19","44","00:36:03","00:36:11","'-5","'-3"
Running,2026-08-22 03:56:07,false,"Bang Sao Thong Running","23.20","1,739","02:47:38","130","141","3.6","164","211","7:13","5:50","39","55","0.84","9.6","8.1","282","7:12","264","0.0","261","444","27,598","'-26","No","00:01:49.0","47","34","18","47","02:47:08","03:08:50","'-20","2"
Running,2026-08-21 05:43:46,false,"Bang Sao Thong Running","6.00","457","00:44:08","129","136","2.3","168","181","7:21","6:31","12","23","0.80","9.7","7.8","278","7:20","261","0.0","257","371","7,526","'-9","No","00:03:31.2","12","39","24","48","00:44:05","00:44:08","'-16","'-4"
Running,2026-08-20 05:45:27,false,"Bang Sao Thong - พื้นฐาน","7.00","549","00:40:58","147","159","3.5","172","181","5:51","5:11","20","26","0.99","8.5","8.4","260","5:51","329","0.0","325","554","7,152","'-12","No","00:00:54.6","15","35","22","46","00:40:49","00:40:58","'-14","5"
Running,2026-08-19 05:35:53,false,"Bang Sao Thong - พื้นฐาน","10.00","796","00:58:11","151","162","4.2","173","184","5:49","4:59","1","1","0.99","8.5","8.4","259","5:49","325","0.0","323","414","10,220","'-16","No","00:00:01.2","21","--","--","--","00:58:05","00:58:11","'-12","'-10"
Running,2026-08-18 06:01:19,false,"Bang Sao Thong Running","5.00","409","00:30:34","148","161","3.3","171","181","6:07","5:28","2","--","0.94","8.7","8.2","262","6:07","310","0.0","305","359","5,348","'-12","No","00:00:01.4","11","38","28","44","00:30:32","00:30:34","'-8","'-5"
Running,2026-08-16 06:58:57,false,"Lat Krabang Running","20.00","1,603","02:09:40","149","162","4.4","166","174","6:29","5:29","15","23","0.93","9.2","8.5","277","6:30","295","0.0","294","386","21,508","'-33","No","00:00:01.1","41","38","18","48","02:09:31","02:09:40","'-14","'-2"
Running,2026-08-13 23:18:11,false,"Bang Sao Thong - พื้นฐาน","10.00","750","01:00:17","144","171","3.4","152","167","6:02","4:43","27","21","1.07","8.9","9.5","285","6:03","322","0.0","318","499","9,500","'-10","No","00:00:00.7","21","35","17","45","00:59:09","01:13:13","'-3","7"
Running,2026-08-12 18:30:15,false,"Bang Sao Thong - Threshold","6.70","487","00:36:03","152","179","3.5","157","207","5:23","4:15","19","18","1.18","8.4","9.8","269","5:26","357","0.0","353","491","5,680","'-7","No","00:00:03.4","16","35","26","43","00:35:08","00:39:43","'-30","'-17"
Running,2026-08-10 20:32:05,false,"Bang Sao Thong - แอนแอโรบิก","10.01","752","00:58:51","146","165","3.6","160","179","5:53","3:25","14","25","1.06","8.8","9.3","276","5:54","342","0.0","327","751","9,518","'-12","No","00:00:10.9","29","31","14","36","00:58:33","01:00:26","'-34","'-20"
Running,2026-08-09 07:33:59,false,"Bang Sao Thong Running","5.01","383","00:31:16","139","151","3.0","159","167","6:15","5:23","1","--","1.00","9.0","9.0","278","6:15","305","0.0","301","376","4,994","'-8","No","00:00:05.6","11","--","--","--","00:31:00","00:35:48","'-3","--"
Running,2026-08-08 07:11:38,false,"Bang Sao Thong ","10.01","760","00:57:29","151","161","3.9","163","169","5:45","4:16","3","7","1.07","8.6","9.2","270","5:46","326","0.0","327","485","9,378","'-11","No","00:00:04.8","21","--","--","--","00:56:55","01:02:02","'-17","'-5"
Running,2026-08-06 21:04:03,false,"Bang Sao Thong - Threshold","4.59","326","00:25:31","144","161","3.1","160","172","5:33","4:22","12","13","1.11","8.5","9.4","268","5:36","344","0.0","340","534","4,102","'-5","No","00:00:46.5","10","--","--","--","00:24:58","00:29:42","'-20","'-13"
Running,2026-08-06 06:17:33,false,"Bang Sao Thong Running","3.01","228","00:16:41","153","165","3.0","168","176","5:33","4:53","1","1","1.08","8.4","9.0","262","5:33","340","0.0","338","402","2,792","'-5","No","00:00:04.2","7","--","--","--","00:16:38","00:16:41","'-3","'-1"
Running,2026-08-04 20:05:20,false,"Bang Sao Thong Running","8.00","574","01:05:09","127","137","2.2","160","170","8:09","6:47","4","4","0.77","10.3","7.9","296","8:09","238","0.0","236","318","10,420","'-6","No","00:00:06.1","17","--","--","--","01:04:58","01:05:19","'-20","'-17"
Running,2026-08-03 20:42:07,false,"Bang Sao Thong Running","5.01","395","00:32:23","142","154","3.0","160","167","6:28","5:41","--","5","0.97","9.3","9.0","285","6:27","297","0.0","295","358","5,156","'-6","No","00:00:08.1","11","--","--","--","00:32:21","00:32:23","'-12","'-5"
Running,2026-08-01 08:02:43,false,"Prawet Running","30.02","2,250","03:44:59","137","154","4.5","149","235","7:30","5:51","48","41","0.88","9.0","8.0","283","7:29","266","0.0","244","345","33,610","'-28","No","00:00:13.4","61","--","--","--","03:42:55","04:04:13","'-11","8"
Running,2026-07-30 19:57:50,false,"Bang Sao Thong Running","5.20","348","00:31:26","116","140","2.4","162","170","6:03","5:21","2","2","1.02","8.9","9.1","277","6:04","313","0.0","312","391","5,092","'-5","No","00:01:14.9","11","16","9","28","00:31:16","00:31:59","'-10","'-6"
Running,2026-07-29 01:50:38,false,"Bang Sao Thong Running","0.00","--","00:00:05.4","47","48","0.0","--","--","--","--","--","--","--","--","--","--","--","--","0.0","--","--","--","'-4","No","00:00:05.4","1","--","--","--","00:00:00","01:02:18","13","16"
Running,2026-07-27 21:13:25,false,"Bang Sao Thong - พื้นฐาน","10.01","650","00:59:47","113","158","3.0","157","167","5:58","4:49","43","48","1.07","8.9","9.5","284","5:55","328","0.0","323","474","9,326","'-7","No","00:00:03.1","23","23","11","28","00:59:41","00:59:47","'-31","'-19"
Running,2026-07-26 10:01:04,false,"Lat Krabang Running","10.02","817","01:01:15","157","167","3.9","160","169","6:07","5:05","19","12","1.03","9.0","9.3","282","6:04","317","0.0","314","406","9,754","'-16","No","00:00:10.5","21","--","--","--","01:01:10","01:01:15","1","10"
Running,2026-07-21 19:51:53,false,"Bang Sao Thong Running","5.00","383","00:30:15","147","171","3.0","157","167","6:03","4:35","2","7","1.05","8.9","9.2","278","6:01","329","0.0","313","439","4,782","'-5","No","00:02:44.0","10","34","19","38","00:30:04","00:30:42","'-27","'-20"
Running,2026-07-21 07:00:09,false,"Bang Sao Thong Running","3.00","197","00:17:23","122","130","2.1","159","172","5:48","4:20","--","2","1.09","8.5","9.1","269","5:44","347","0.0","326","465","2,748","'-3","No","00:02:28.5","6","27","27","27","00:17:18","00:17:23","'-3","1"
Running,2026-07-20 06:42:43,false,"Bang Sao Thong Running","5.00","374","00:38:53","130","139","2.1","160","175","7:47","5:55","1","4","0.81","9.7","7.8","285","7:43","247","0.0","242","387","6,252","'-7","No","00:07:35.5","5","35","18","42","00:38:48","00:38:53","'-9","'-4"
Running,2026-07-19 06:45:09,false,"Lat Krabang Running","16.01","1,270","01:39:39","152","178","4.3","163","220","6:14","5:04","24","26","0.99","8.8","8.7","273","6:12","308","0.0","303","403","16,256","'-20","No","00:00:05.3","17","35","20","41","01:39:26","01:49:47","'-14","'-2"
Running,2026-07-18 13:02:07,false,"Lat Krabang Running","5.01","416","00:33:56","146","157","3.1","152","168","6:47","5:07","14","9","0.98","9.1","8.9","285","6:41","298","0.0","284","441","5,198","'-7","No","00:00:21.3","6","--","--","--","00:33:01","00:35:55","1","5"
Running,2026-07-15 06:48:51,false,"Bang Sao Thong Running","3.01","199","00:18:08","115","133","2.1","162","173","6:02","4:21","2","1","1.03","8.7","9.0","270","6:02","321","0.0","316","463","2,948","'-4","No","00:00:04","4","--","--","--","00:17:39","00:18:52","'-6","'-4"
Running,2026-07-14 06:59:48,false,"Bang Sao Thong Running","3.00","220","00:18:00","135","160","2.4","160","207","6:00","4:44","--","2","1.05","8.7","9.1","273","5:54","322","0.0","317","421","2,892","'-4","No","00:00:02.4","4","--","--","--","00:17:57","00:18:00","'-8","'-5"
Running,2026-07-12 07:04:00,false,"Bang Sao Thong Long Running","20.01","1,567","02:09:58","121","151","3.9","163","173","6:30","5:23","9","28","0.95","9.1","8.6","278","6:30","307","0.0","303","394","21,140","'-28","No","00:00:07.7","21","29","27","32","02:09:14","02:09:58","'-28","'-7"
Running,2026-07-10 06:55:04,false,"Bang Sao Thong Running_Cadence","5.00","408","00:29:43","148","166","3.2","167","179","5:56","4:52","--","4","1.00","8.5","8.5","261","5:56","334","0.0","328","404","5,000","'-7","No","00:00:01.4","6","34","21","37","00:29:16","00:29:45","'-7","'-2"
Running,2026-07-09 06:48:58,false,"Bang Sao Thong Running","5.00","389","00:27:26","156","175","3.4","165","177","5:29","3:57","2","8","1.11","8.4","9.2","264","5:31","355","0.0","354","519","4,534","'-9","No","00:05:21.7","5","--","--","--","00:27:09","00:29:07","'-16","'-5"
Running,2026-07-08 06:45:54,false,"Bang Sao Thong Running","5.00","394","00:28:45","151","166","3.2","156","171","5:45","4:27","18","25","1.10","8.5","9.3","271","5:44","350","0.0","339","492","4,572","'-7","No","00:05:10.4","5","--","--","--","00:28:16","00:31:14","'-5","4"
Running,2026-07-05 03:30:12,false,"Bangkok Double Bridge_2026","21.02","1,687","02:15:41","152","168","4.4","159","222","6:27","4:23","133","135","0.97","9.1","8.8","281","6:27","313","0.0","306","544","21,684","'-19","No","00:00:03.6","22","--","--","--","02:15:05","02:15:41","'-23","4"
Running,2026-07-04 07:02:24,false,"Prawet Running_25K","25.00","1,964","02:54:42","143","162","4.5","151","219","6:59","4:31","48","53","0.94","9.1","8.5","283","6:57","297","0.0","278","466","26,592","'-25","No","00:00:02.0","26","--","--","--","02:49:23","02:54:42","'-14","'-3"
Running,2026-07-01 06:47:18,false,"Bang Sao Thong Running","5.00","396","00:27:52","154","167","3.3","164","209","5:34","4:35","--","2","1.10","8.4","9.3","267","5:34","354","0.0","350","459","4,580","'-6","No","00:00:00.6","6","--","--","--","00:27:46","00:27:52","'-3","0"
Running,2026-06-30 06:44:51,false,"Bang Sao Thong Running","6.51","517","00:37:15","154","173","3.6","159","181","5:43","3:18","1","3","1.08","8.4","9.0","265","5:43","351","0.0","339","649","6,062","'-10","No","00:03:06.6","7","--","--","--","00:37:01","00:38:14","'-3","2"
Running,2026-06-28 07:30:03,false,"Prawet Running","11.04","933","01:10:46","152","162","3.8","163","210","6:25","5:19","47","52","0.96","8.9","8.6","273","6:16","317","0.0","310","538","11,614","'-16","No","00:00:21.5","12","--","--","--","01:10:20","01:10:46","'-20","'-2"
Running,2026-06-27 06:52:34,false,"Bang Phli Running","15.00","1,243","01:43:42","150","168","3.8","153","173","6:55","4:08","6","11","0.94","9.1","8.5","281","6:54","296","0.0","281","485","16,096","'-26","No","00:05:52.8","15","--","--","--","01:40:27","01:43:42","'-19","'-11"
Running,2026-06-26 06:28:03,false,"Bang Sao Thong Running_Cadence","5.01","405","00:28:37","154","174","3.4","161","209","5:42","3:56","1","2","1.08","8.4","9.0","267","5:41","344","0.0","338","564","4,650","'-10","No","00:00:02.2","6","--","--","--","00:28:28","00:29:51","'-8","'-5"
Running,2026-06-25 06:51:45,true,"Bang Sao Thong Running","3.00","226","00:18:21","138","159","2.6","153","180","6:07","4:29","--","1","1.06","8.3","8.7","264","6:03","327","0.0","313","471","2,874","'-6","No","00:05:53.2","3","--","--","--","00:17:45","00:24:22","'-13","'-9"
Running,2026-06-24 06:43:30,false,"Bang Sao Thong Running_Recovery","3.00","218","00:18:52","129","157","2.2","146","169","6:18","4:41","2","--","1.08","8.3","9.0","277","6:12","327","0.0","308","485","2,804","'-5","No","00:05:50.1","3","--","--","--","00:18:33","00:22:07","2","5"
Running,2026-06-21 05:24:14,false,"DOK BUA KU-17","21.93","1,856","02:27:07","159","177","5.0","152","233","6:43","3:41","62","80","0.97","8.9","8.6","282","6:41","305","0.0","286","529","22,514","'-30","No","00:05:57.6","22","--","--","--","02:25:10","02:27:07","'-23","2"
Running,2026-06-17 17:58:58,false,"CTRL50K_Bang Rak Running","15.00","1,232","01:46:05","147","167","3.5","151","177","7:04","4:36","24","27","0.93","9.2","8.5","284","7:02","289","0.0","274","572","16,276","'-14","No","00:00:01.2","16","--","--","--","01:43:12","02:07:03","'-23","'-1"
Running,2026-06-17 08:49:45,false,"CTRL50K_Bang Rak Running","1.04","42","00:04:22.6","109","144","0.5","61","169","4:14","1:23","29","5","1.11","7.6","8.1","287","4:23","243","0.0","126","1,274","422","'-2","No","00:00:03.0","2","--","--","--","00:04:13","00:04:22.6","'-29","'-1"
Running,2026-06-17 08:32:30,false,"CTRL50K_Ratchathewi Running","0.38","77","00:13:41","94","137","0.5","40","214","36:23","4:08","--","33","1.00","8.4","8.1","286","--","188","0.0","50","514","680","'-2","No","00:13:41","1","--","--","--","00:02:54","00:13:41","'-34","10"
Running,2026-06-17 06:32:57,false,"CTRl50K_Bang Sao Thong Running","5.50","332","00:32:26","109","154","2.2","153","177","5:54","4:01","5","--","1.10","8.3","9.2","268","5:51","336","0.0","328","609","5,090","'-9","No","00:02:41.1","6","21","21","21","00:31:12","00:45:33","'-7","'-1"
Running,2026-06-16 17:47:06,false,"CTRL50K_Bang Rak Running","5.26","452","00:50:07","125","150","2.4","113","214","9:32","3:41","12","46","0.92","9.2","8.3","285","9:22","244","0.0","189","624","5,902","'-5","No","00:02:42.2","6","--","--","--","00:38:32","00:53:54","'-54","'-19"
Running,2026-06-16 08:39:50,false,"CTRL50K_Bang Rak Running","0.23","14","00:01:37.2","117","156","0.4","118","177","6:59","3:41","26","--","1.16","8.2","9.3","264","7:10","261","0.0","234","507","228","--","No","00:01:37.2","1","--","--","--","00:01:14","00:01:37.2","'-39","'-13"
Running,2026-06-16 08:20:17,false,"CTRL50K_Ratchathewi Running","0.45","58","00:06:06.2","120","148","0.7","98","225","13:35","3:24","5","36","0.94","8.9","7.8","292","10:35","217","0.0","123","526","720","--","No","00:06:06.2","1","--","--","--","00:03:51","00:06:06.2","'-35","1"
Running,2026-06-16 06:25:55,false,"CTRL5K_Bang Sao Thong Running","5.50","353","00:33:39","119","136","2.4","146","214","6:07","3:42","5","13","1.10","8.1","8.8","265","6:03","313","0.0","294","597","5,068","'-9","No","00:02:55.4","6","18","14","29","00:32:55","00:43:05","'-12","'-3"
Running,2026-06-15 21:42:42,false,"CTRL50K_Bang Sao Thong Running","7.00","513","00:54:23","133","143","2.3","147","209","7:46","5:31","7","3","0.86","9.7","8.3","301","7:46","244","0.0","236","404","8,050","'-4","No","00:07:31.6","7","32","22","38","00:53:45","00:58:09","'-28","'-23"
Running,2026-06-15 17:35:40,false,"CTRL50K_Bang Rak Running","0.86","73","00:09:01.8","119","135","0.5","121","217","10:33","4:31","--","13","0.80","9.7","7.4","298","10:46","196","0.0","157","404","1,200","'-1","No","00:09:01.8","1","--","--","--","00:07:34","00:09:01.8","'-31","'-18"
Running,2026-06-15 08:21:18,false,"CTRL50K_Ratchathewi Running","0.51","55","00:06:43.3","117","147","0.6","69","246","13:13","4:02","--","39","0.97","8.3","7.6","295","13:04","191","0.0","88","427","700","--","No","00:06:43.3","1","--","--","--","00:04:04","00:06:43.3","'-42","3"
Running,2026-06-15 06:11:21,false,"CTRL50K_Bang Sao Thong - แอนแอโรบิก","9.02","699","01:06:10","137","172","3.3","134","220","7:20","2:51","35","41","0.98","8.4","8.1","270","7:14","304","0.0","242","711","9,184","'-15","No","00:00:40","24","--","--","--","01:02:22","01:08:52","'-18","'-1"
Running,2026-06-13 09:04:31,false,"Prawet Running - CTRL50K","20.00","1,497","02:18:43","120","139","3.9","151","220","6:56","4:51","49","26","0.95","9.1","8.6","283","6:52","279","0.0","266","443","21,186","'-22","No","00:00:00.7","21","27","24","29","02:15:31","02:40:26","'-4","15"
Running,2026-06-12 06:59:25,false,"Bang Sao Thong Running","3.00","208","00:15:18","151","172","3.0","148","167","5:06","3:59","1","1","1.31","7.9","10.4","263","5:08","373","0.0","363","501","2,362","'-5","No","00:00:01.7","4","--","--","--","00:14:39","00:18:51","'-12","'-8"
Running,2026-06-09 06:41:49,false,"Bang Sao Thong Running","5.00","380","00:28:39","148","171","3.3","156","179","5:44","3:50","7","13","1.10","8.4","9.2","268","5:43","323","0.0","319","534","4,580","'-6","No","00:05:33.1","5","--","--","--","00:28:12","00:31:26","2","11"
Running,2026-06-08 06:31:37,false,"Bang Sao Thong - Threshold","5.69","452","00:36:06","146","167","3.3","144","222","6:20","3:57","--","4","1.09","8.0","8.7","267","6:12","319","0.0","285","574","5,300","'-6","No","00:00:05.6","8","--","--","--","00:35:48","00:36:06","10","15"
Running,2026-06-05 06:47:08,false,"Bang Sao Thong Running","5.00","384","00:30:13","147","172","3.2","142","215","6:03","3:36","2","3","1.14","8.0","9.1","268","5:57","329","0.0","297","612","4,398","'-6","No","00:05:49.2","5","--","--","--","00:29:34","00:30:13","'-8","'-5"
Running,2026-06-01 06:08:33,false,"Sangkhom Running","15.12","1,281","02:35:15","120","141","3.3","101","240","10:16","4:36","272","271","0.93","8.1","7.4","286","9:55","237","0.0","164","477","16,202","'-24","No","00:01:29.7","16","23","11","29","02:05:52","02:35:16","231","345"
Running,2026-05-30 09:38:05,false,"LKb Running-Zone2","5.01","366","00:34:51","117","144","2.4","143","224","6:57","4:51","6","6","1.00","9.0","9.0","290","6:49","290","0.0","268","416","5,048","'-7","No","00:00:05.5","7","30","30","30","00:33:44","00:34:51","8","12"
Running,2026-05-29 06:55:57,false,"Bang Sao Thong Running","3.00","232","00:16:36","157","171","3.1","151","228","5:32","3:50","2","2","1.19","7.8","9.2","257","5:22","358","0.0","332","533","2,562","'-6","No","00:05:27.9","3","--","--","--","00:16:36","00:16:36","5","7"
Running,2026-05-28 06:37:24,false,"Bang Sao Thong Running","5.00","433","00:36:53","149","174","3.2","131","173","7:22","4:12","24","25","0.99","8.1","8.0","274","7:19","281","0.0","230","467","5,036","'-10","No","00:00:00.8","6","38","37","39","00:35:59","00:37:25","'-2","10"
Running,2026-05-26 05:56:35,false,"Tempo-High Aerobics","5.00","392","00:31:48","147","173","3.3","139","219","6:21","3:49","42","39","1.11","8.1","8.9","268","6:14","345","0.0","292","662","4,432","'-7","No","00:00:02.2","6","--","--","--","00:30:45","00:31:48","--","15"
Running,2026-05-25 06:55:21,false,"Tempo Day","3.00","223","00:15:53","158","177","3.2","148","175","5:17","3:04","4","1","1.26","8.1","10.0","271","5:16","366","0.0","352","595","2,386","'-5","No","00:00:00.5","4","--","--","--","00:15:44","00:16:06","4","9"
Running,2026-05-23 07:51:04,false,"Prawet Running - Zone 2","20.00","1,437","02:58:52","129","165","3.2","144","210","8:56","5:03","90","90","0.76","10.2","7.7","301","8:52","222","0.0","207","418","26,212","'-24","No","00:02:24.8","21","--","--","--","02:51:54","02:58:52","'-2","15"
Running,2026-05-21 06:49:42,false,"Bang Sao Thong Running","5.00","388","00:28:08","158","170","3.7","157","163","5:37","4:38","2","3","1.13","8.6","9.7","277","5:37","337","0.0","334","435","4,438","'-9","No","00:00:00.4","6","--","--","--","00:28:00","00:28:17","4","8"
Running,2026-05-20 06:44:05,false,"Bang Sao Thong Running","5.00","389","00:29:10","151","168","3.5","155","162","5:50","4:44","2","2","1.10","8.9","9.7","284","5:49","325","0.0","323","422","4,546","'-10","No","00:05:36.4","5","--","--","--","00:29:05","00:29:15","4","8"
Running,2026-05-19 08:23:19,false,"Ratchathewi Running - Pace to Grab Bike🫨","1.02","58","00:05:23.7","128","158","1.2","73","231","5:17","1:16","4","18","1.17","7.3","8.3","247","3:17","226","0.0","128","555","508","'-1","No","00:00:02.9","2","--","--","--","00:03:54.9","00:05:23.7","'-6","11"
Running,2026-05-18 06:17:48,false,"Bang Sao Thong Running","5.00","378","00:30:21","145","171","3.2","145","218","6:04","4:11","3","4","1.13","8.3","9.4","278","5:58","322","0.0","303","505","4,446","'-10","No","00:05:29.8","5","--","--","--","00:30:03","00:35:12","--","5"
Running,2026-05-16 07:23:17,false,"Lat Krabang Running-Zone2","20.01","1,392","03:10:55","128","141","3.1","135","225","9:32","5:45","56","53","0.77","9.8","7.5","311","9:31","206","0.0","186","366","26,108","'-27","No","00:00:11.5","21","--","--","--","03:04:33","03:10:55","'-0","11"
Running,2026-05-14 06:27:55,false,"Bang Sao Thong Running","5.01","363","00:41:20","126","136","2.1","150","167","8:16","5:48","2","4","0.80","10.1","8.1","303","8:14","231","0.0","225","361","6,250","'-8","No","00:02:54.1","6","--","--","--","00:40:58","00:41:20","2","6"
Running,2026-05-13 06:39:49,false,"Bang Sao Thong Running","3.00","216","00:23:55","123","132","1.8","153","161","7:58","5:44","2","2","0.82","10.2","8.3","303","7:52","240","0.0","236","336","3,694","'-5","No","00:00:01.7","4","--","--","--","00:23:44","00:23:55","4","7"
Running,2026-05-12 06:34:51,false,"Bang Sao Thong Running","5.00","385","00:29:46","152","181","3.4","138","227","5:58","4:00","20","18","1.18","7.9","9.3","271","5:48","349","0.0","303","644","4,252","'-10","No","00:05:21.8","5","--","--","--","00:29:38","00:30:03","'-5","12"
Running,2026-05-11 06:31:47,false,"Bang Sao Thong Running","5.01","388","00:30:51","147","167","3.3","138","167","6:10","4:27","6","3","1.15","8.2","9.4","274","6:02","327","0.0","295","448","4,422","'-10","No","00:00:02.6","6","--","--","--","00:29:31","00:34:36","4","9"
Running,2026-05-07 22:36:15,false,"Bang Sao Thong Running","3.01","211","00:17:30","132","172","2.7","150","177","5:49","4:27","2","--","1.14","8.8","10.0","287","5:47","331","0.0","326","450","2,664","'-4","No","00:00:01.7","4","--","--","--","00:17:14","00:21:01","7","10"
Running,2026-05-05 06:52:26,false,"Bang Sao Thong Running","3.01","219","00:19:09","134","160","2.6","139","209","6:22","4:00","5","3","1.11","8.1","8.9","275","6:15","317","0.0","281","494","2,704","'-6","No","00:00:04.6","4","--","--","--","00:19:05","00:19:09","2","6"
Running,2026-05-04 06:55:42,false,"Bang Sao Thong Running","3.01","223","00:17:19","148","169","3.0","150","162","5:46","4:17","3","1","1.14","8.5","9.7","281","5:45","333","0.0","322","479","2,628","'-6","No","00:00:03.4","4","--","--","--","00:17:15","00:17:19","3","6"
Running,2026-04-28 20:31:30,false,"บางเสาธง วิ่ง","5.00","409","00:31:11","157","173","3.5","144","212","6:14","4:08","9","8","1.10","8.6","9.4","287","6:08","311","0.0","295","531","4,540","'-3","No","00:00:01.3","6","--","--","--","00:31:04","00:33:40","2","8"
Running,2026-04-23 06:48:11,false,"บางเสาธง วิ่ง","3.01","227","00:19:38","138","161","2.7","139","205","6:31","4:42","3","--","1.10","8.2","9.0","281","6:17","301","0.0","281","441","2,778","'-4","No","00:00:02.4","4","--","--","--","00:19:26","00:21:30","2","6"
Running,2026-04-17 05:50:58,false,"Half Marathon- City of Westminster ","23.28","1,970","05:07:03","112","166","3.2","75","223","13:11","3:02","141","132","0.94","8.1","7.1","287","13:02","198","0.0","113","588","26,354","'-30","No","00:04:28.4","24","--","--","--","03:34:33","05:07:03","3","45"
Running,2026-04-15 05:38:38,false,"Cambridge Running","12.14","1,061","02:45:32","109","165","2.8","70","217","13:38","3:06","46","45","0.94","8.6","7.7","283","13:28","212","0.0","113","595","13,466","'-10","No","00:01:30.2","13","--","--","--","01:43:33","02:45:32","8","20"
Running,2026-04-14 06:06:55,false,"Cambridge Running","10.40","917","01:26:03","141","168","3.8","109","238","8:17","4:12","25","26","1.06","8.4","8.8","283","7:58","268","0.0","210","499","10,136","'-20","No","00:00:01.4","13","--","--","--","01:12:16","01:26:03","6","19"
Running,2026-04-13 05:25:46,false,"Cambridge Run","12.43","1,051","02:16:42","120","158","3.3","90","221","11:00","3:23","21","25","0.95","9.0","8.0","286","10:50","231","0.0","149","573","13,868","'-15","No","00:03:55.4","13","--","--","--","01:40:49","02:16:42","4","19"
Running,2026-04-12 06:09:12,false,"City of Westminster Run","11.23","924","02:27:41","103","153","2.4","77","230","13:09","3:47","34","33","0.88","8.4","7.1","289","12:49","194","0.0","114","576","13,288","'-8","No","00:03:11.6","12","--","--","--","01:46:23","02:27:41","2","13"
Running,2026-04-11 10:49:22,false,"Dover วิ่ง","2.01","227","00:41:05","103","153","1.3","45","207","20:29","3:21","53","67","0.89","7.6","6.3","274","20:14","139","0.0","61","509","2,366","'-3","No","00:00:02.1","3","--","--","--","00:20:34","00:41:05","59","97"
Running,2026-04-09 08:12:31,false,"City of Westminster วิ่ง","10.56","899","02:26:37","104","147","2.5","72","215","13:53","3:41","55","47","0.91","8.7","7.4","286","13:27","203","0.0","110","554","12,230","'-9","No","00:06:53.8","11","--","--","--","01:37:59","03:08:27","7","35"
Running,2026-04-04 07:29:11,false,"บางเสาธง วิ่ง","11.00","821","01:09:28","149","172","4.2","143","210","6:19","4:18","21","20","1.09","8.4","9.1","278","6:14","313","0.0","290","487","10,144","'-15","No","00:00:04.4","12","--","--","--","01:08:31","01:42:43","'-2","6"
Running,2026-03-30 21:38:39,false,"บางเสาธง - พื้นฐาน","5.17","412","00:33:47","148","161","3.2","143","191","6:32","4:54","10","9","1.07","8.9","9.5","291","6:28","308","0.0","289","428","4,880","'-2","No","00:00:08.8","8","--","--","--","00:32:35","00:39:08","5","11"
Running,2026-03-23 21:45:26,false,"บางเสาธง การวิ่ง","5.01","382","00:27:46","157","173","3.5","151","161","5:33","4:20","10","7","1.18","8.6","10.2","283","5:30","350","0.0","345","462","4,206","'-3","No","00:00:02.5","6","--","--","--","00:27:35","00:35:59","6","13"
Running,2026-03-19 21:15:48,false,"บางเสาธง - พื้นฐาน","6.43","506","00:43:03","140","158","3.2","142","207","6:42","4:59","6","3","1.05","8.9","9.3","293","6:33","291","0.0","278","410","6,124","'-7","No","00:00:02.8","8","--","--","--","00:42:20","00:50:31","6","11"
Running,2026-03-16 06:46:00,false,"บางเสาธง การวิ่ง","3.00","211","00:17:34","138","160","2.6","148","167","5:51","4:15","4","--","1.15","8.5","9.7","279","5:47","325","0.0","318","477","2,662","'-5","No","00:00:00.5","4","--","--","--","00:17:16","00:21:59","1","4"
Running,2026-03-11 20:46:36,false,"บางเสาธง - พื้นฐาน","10.00","789","01:03:08","148","161","3.7","149","211","6:19","4:48","10","4","1.06","9.0","9.5","293","6:15","302","0.0","295","416","9,384","'-13","No","00:02:21.9","11","--","--","--","01:02:57","01:08:50","3","8"
Running,2026-03-09 21:45:42,false,"บางเสาธง การวิ่ง","5.01","367","00:28:32","146","167","3.3","145","163","5:42","0:29","--","--","1.18","8.5","10.1","284","5:37","330","0.0","325","1,561","4,202","'-8","No","00:00:03.9","6","--","--","--","00:27:58","00:37:11","1","8"
Running,2026-03-06 22:07:30,false,"บางเสาธง - สปรินท์","7.67","590","00:46:19","148","168","3.6","150","197","6:02","2:42","13","12","1.07","9.0","9.5","289","6:03","314","0.0","305","684","7,034","'-9","No","00:00:15","21","--","--","--","00:46:04","00:47:47","5","11"
Running,2026-03-04 22:05:26,false,"บางเสาธง - พื้นฐาน","5.00","382","00:31:19","141","167","3.0","143","160","6:16","3:55","6","3","1.11","8.9","9.8","293","6:12","320","0.0","304","507","4,494","'-7","No","00:05:33.0","5","--","--","--","00:30:08","01:08:07","2","14"
Running,2026-03-03 17:45:46,false,"บางเสาธง - พื้นฐาน","8.01","642","00:52:00","145","162","3.4","146","214","6:29","3:31","16","11","1.05","8.8","9.1","285","6:23","307","0.0","292","588","7,768","'-11","No","00:02:59.9","9","--","--","--","00:51:12","01:09:30","3","12"
Running,2026-03-01 22:35:35,false,"บางเสาธง การวิ่ง","5.00","394","00:29:24","149","166","3.3","149","167","5:53","4:47","2","3","1.13","8.8","10.0","293","5:52","330","0.0","329","453","4,410","'-6","No","00:00:00.2","6","--","--","--","00:29:12","00:30:54","7","11"
Running,2026-02-26 22:54:29,false,"บางเสาธง การวิ่ง","5.00","382","00:27:43","154","167","3.4","150","162","5:33","4:15","5","--","1.18","8.7","10.2","292","5:36","347","0.0","345","519","4,166","'-5","No","00:05:20.2","5","--","--","--","00:27:30","00:30:03","6","10"
Running,2026-02-23 22:41:28,false,"บางเสาธง การวิ่ง","5.00","363","00:29:33","133","165","3.0","151","167","5:54","4:59","2","2","1.11","8.9","9.9","293","5:54","326","0.0","323","412","4,476","'-5","No","00:05:50.4","5","--","--","--","00:29:29","00:29:33","6","9"
Running,2026-02-19 23:13:43,false,"บางเสาธง - พื้นฐาน","6.05","471","00:37:35","142","165","3.2","145","167","6:12","4:01","7","--","1.09","8.8","9.5","288","6:08","310","0.0","300","527","5,572","'-1","No","00:01:34.6","7","--","--","--","00:37:13","00:42:47","5","8"
Running,2026-02-18 21:38:27,false,"บางเสาธง - Threshold","7.00","566","00:43:20","153","170","3.6","142","180","6:11","4:18","1","3","1.13","8.6","9.5","286","6:07","323","0.0","301","500","6,238","'-5","No","00:00:14.7","13","--","--","--","00:42:52","00:46:35","3","8"
Running,2026-02-17 07:11:43,false,"บางเสาธง การวิ่ง","3.00","230","00:17:54","143","161","2.7","138","178","5:58","3:47","4","--","1.15","8.4","9.6","276","5:52","325","0.0","299","535","2,596","'-5","No","00:01:06.0","4","--","--","--","00:17:41","00:19:47","2","5"
Running,2026-02-15 08:46:32,false,"บางเสาธง การวิ่ง","5.00","381","00:29:52","145","170","3.0","147","195","5:58","3:40","6","1","1.12","8.5","9.5","279","5:54","321","0.0","312","538","4,514","'-9","No","00:05:25.7","5","--","--","--","00:29:28","00:37:07","'-0","4"
Running,2026-02-11 21:34:30,false,"บางเสาธง - พื้นฐาน","6.02","483","00:37:14","148","161","3.4","150","161","6:11","4:59","2","1","1.07","8.9","9.5","292","6:10","314","0.0","305","410","5,576","'-6","No","00:01:50.0","7","--","--","--","00:37:13","00:37:14","6","8"
Running,2026-02-09 06:59:08,false,"บางเสาธง การวิ่ง","3.00","224","00:16:57","144","163","2.8","154","165","5:39","4:14","4","1","1.13","8.7","9.8","279","5:37","338","0.0","335","484","2,634","'-5","No","00:05:27.9","3","--","--","--","00:16:55","00:18:29","'-0","4"
Running,2026-02-07 07:02:29,false,"บางเสาธง - พื้นฐาน","11.00","883","01:08:14","150","162","3.9","154","231","6:12","4:58","4","10","1.05","8.8","9.2","282","6:09","313","0.0","304","402","10,544","'-18","No","00:00:56.1","12","--","--","--","01:08:05","01:08:31","'-0","7"
Running,2026-02-05 07:08:02,false,"บางเสาธง การวิ่ง","3.01","222","00:16:15","149","168","2.8","158","236","5:24","4:08","--","--","1.18","8.4","9.9","273","5:24","357","0.0","352","486","2,558","'-5","No","00:00:01.2","4","--","--","--","00:16:08","00:18:04","3","6"
Running,2026-02-03 06:43:12,false,"บางเสาธง - พื้นฐาน","5.03","376","00:36:42","129","152","2.5","137","225","7:17","4:30","4","2","0.99","8.4","8.2","276","7:12","288","0.0","247","462","5,156","'-9","No","00:02:10.3","6","--","--","--","00:35:38","00:48:33","1","4"
Running,2026-02-02 07:02:26,false,"บางเสาธง การวิ่ง","3.00","207","00:15:56","142","175","2.9","157","175","5:18","3:21","3","--","1.19","8.3","9.8","266","5:19","359","0.0","358","566","2,532","'-5","No","00:04:56.5","3","--","--","--","00:15:33","00:20:53","'-1","4"
Running,2026-01-31 07:42:43,false,"บางเสาธง การวิ่ง-Long Run","18.06","1,394","02:17:24","137","157","4.2","139","217","7:36","2:37","12","11","0.93","8.7","8.1","282","7:37","272","0.0","235","371","19,244","'-18","No","00:00:50.8","19","--","--","--","02:10:38","02:17:24","2","9"
Running,2026-01-29 22:15:07,false,"บางเสาธง - พื้นฐาน","6.00","471","00:39:51","137","146","3.0","156","162","6:39","6:07","1","--","0.96","9.4","9.1","293","6:38","288","0.0","287","327","6,198","'-6","No","00:02:50.9","7","--","--","--","00:39:47","00:39:51","5","8"
Running,2026-01-28 21:17:32,false,"บางเสาธง การวิ่ง","5.00","380","00:27:36","152","166","3.4","156","165","5:31","4:18","1","1","1.16","8.6","10.0","281","5:31","348","0.0","346","474","4,308","'-5","No","00:05:08.0","5","--","--","--","00:27:34","00:27:50","6","8"
Running,2026-01-27 06:57:14,false,"บางเสาธง การวิ่ง","3.00","215","00:19:09","131","160","2.4","139","209","6:23","4:10","2","--","1.09","8.1","8.8","272","6:18","331","0.0","283","474","2,710","'-5","No","00:06:12.1","3","--","--","--","00:19:05","00:23:27","2","6"
Running,2026-01-25 08:05:21,false,"บางเสาธง การวิ่ง","5.01","376","00:37:01","129","146","2.4","149","165","7:23","5:14","6","--","0.90","9.4","8.4","289","7:21","268","0.0","251","378","5,618","'-4","No","00:00:11.9","6","--","--","--","00:36:28","00:55:33","1","5"
Running,2026-01-23 21:54:12,false,"บางเสาธง การวิ่ง","5.00","378","00:26:50","157","175","3.6","158","171","5:22","3:41","2","2","1.18","8.5","10.0","275","5:20","363","0.0","359","526","4,238","'-4","No","00:05:02.3","5","--","--","--","00:26:48","00:26:50","3","6"
Running,2026-01-21 21:43:12,false,"บางเสาธง - พื้นฐาน","5.00","379","00:26:39","159","175","3.6","154","200","5:20","3:46","2","1","1.21","8.5","10.2","278","5:19","362","0.0","360","566","4,110","'-5","No","00:00:01.0","6","--","--","--","00:26:32","00:27:34","1","5"
Running,2026-01-20 21:26:25,false,"บางเสาธง - พื้นฐาน","8.00","639","00:49:12","149","162","3.6","155","160","6:09","5:12","1","--","1.05","9.1","9.5","291","6:07","313","0.0","312","385","7,570","'-9","No","00:01:12.4","9","--","--","--","00:49:09","00:49:12","2","5"
Running,2026-01-18 09:06:43,false,"บางเสาธง การวิ่ง","5.00","400","00:29:17","154","169","3.4","159","171","5:51","4:35","3","3","1.08","8.8","9.5","278","5:48","331","0.0","328","439","4,668","'-6","No","00:05:41.8","5","--","--","--","00:29:15","00:29:17","3","7"
Running,2026-01-15 22:01:38,false,"บางเสาธง - การฟื้นตัว","2.57","213","00:28:03","117","147","1.6","112","175","10:56","6:03","3","1","0.79","8.9","7.0","294","10:54","196","0.0","149","330","3,302","'-2","No","00:00:03.2","4","--","--","--","00:24:20","00:28:03","2","4"
Running,2026-01-14 21:14:12,false,"บางเสาธง - แอนแอโรบิก","7.32","582","00:47:59","148","178","3.6","142","214","6:33","2:35","4","3","1.05","8.9","9.1","285","6:34","318","0.0","279","714","6,916","'-10","No","00:00:19.1","18","--","--","--","00:46:51","00:47:59","3","7"
Running,2026-01-13 07:07:14,false,"บางเสาธง - พื้นฐาน","3.04","237","00:17:32","149","166","3.0","152","167","5:46","4:21","1","--","1.15","8.6","9.8","277","5:41","346","0.0","334","468","2,696","'-5","No","00:00:12.5","4","--","--","--","00:17:02","00:17:32","1","4"
Running,2026-01-12 06:54:24,false,"บางเสาธง - พื้นฐาน","3.00","231","00:16:55","151","173","3.0","159","231","5:39","4:08","3","1","1.13","8.6","9.7","274","5:31","347","0.0","339","488","2,696","'-4","No","00:05:06.4","3","--","--","--","00:16:46","00:16:55","1","5"
Running,2026-01-10 08:33:52,false,"บางเสาธง - พื้นฐาน","20.02","1,582","02:06:20","149","160","4.9","158","173","6:19","5:10","20","19","1.00","9.1","9.1","281","6:17","305","0.0","301","392","20,040","'-28","No","00:02:31.2","21","--","--","--","02:05:05","02:06:24","3","9"
